Date,ITUB4.SA,PETR4.SA
2021-08-30,19.600975036621094,8.36917495727539
2021-08-31,19.85770606994629,8.040914535522461
2021-09-01,19.94438934326172,7.996552467346191
2021-09-02,19.225215911865234,7.866430759429932
2021-09-03,19.116058349609375,7.786584854125977
2021-09-06,19.360061645507812,7.825029373168945
2021-09-08,18.441818237304688,7.384389877319336
2021-09-09,18.685834884643555,7.541128158569336
2021-09-10,18.49962043762207,7.493809223175049
2021-09-13,18.730777740478516,7.757010459899902
2021-09-14,18.61520004272461,7.653505802154541
2021-09-15,18.313404083251953,7.786584854125977
2021-09-16,18.30055809020996,7.718567848205566
2021-09-17,17.863908767700195,7.372560977935791
2021-09-20,17.459373474121094,7.289757251739502
2021-09-21,17.414426803588867,7.455366134643555
2021-09-22,17.8189640045166,7.644633769989014
2021-09-23,18.435400009155273,7.937405586242676
2021-09-24,18.178546905517578,7.9551520347595215
2021-09-27,18.653732299804688,8.026126861572266
2021-09-28,18.22991943359375,7.972894191741943
2021-09-29,18.557416915893555,8.100057601928711
2021-09-30,18.576663970947266,8.052742004394531
2021-10-01,19.061721801757812,8.280454635620117
2021-10-04,15.637419700622559,8.514081001281738
2021-10-05,16.0164737701416,8.700392723083496
2021-10-06,16.06787109375,8.469722747802734
2021-10-07,15.727370262145996,8.457891464233398
2021-10-08,15.843008995056152,8.611673355102539
2021-10-11,15.566751480102539,8.670820236206055
2021-10-13,15.58603286743164,8.762495994567871
2021-10-14,15.508929252624512,8.77728271484375
2021-10-15,15.907258987426758,8.753622055053711
2021-10-18,16.0164737701416,8.709264755249023
2021-10-19,15.637419700622559,8.283411026000977
2021-10-20,16.055025100708008,8.42832088470459
2021-10-21,15.727370262145996,8.117802619934082
2021-10-22,15.123462677001953,8.037956237792969
2021-10-25,15.418988227844238,8.588013648986816
2021-10-26,15.251946449279785,8.505207061767578
2021-10-27,15.36759090423584,8.484509468078613
2021-10-28,15.335471153259277,8.564355850219727
2021-10-29,14.97569751739502,8.029084205627441
2021-11-01,15.57211685180664,8.280454635620117
2021-11-03,15.719991683959961,7.940365791320801
2021-11-04,14.890604019165039,7.688991546630859
2021-11-05,14.710570335388184,7.644633769989014
2021-11-08,14.633420944213867,7.724481105804443
2021-11-09,14.485543251037598,7.878261089324951
2021-11-10,14.852030754089355,7.816157817840576
2021-11-11,14.81987476348877,7.822072982788086
2021-11-12,14.787732124328613,7.981766223907471
2021-11-16,14.633420944213867,8.064571380615234
2021-11-17,14.691290855407715,7.860516548156738
2021-11-18,14.446971893310547,7.84868860244751
2021-11-19,14.324797630310059,7.718567848205566
2021-11-22,14.360302925109863,7.795458793640137
2021-11-23,14.601049423217773,8.221308708190918
2021-11-24,14.99145793914795,8.389874458312988
2021-11-25,15.128101348876953,8.759538650512695
2021-11-26,14.841796875,8.419447898864746
2021-11-29,14.744199752807617,8.715178489685059
2021-11-30,14.562009811401367,8.703349113464355
2021-12-01,14.469313621520996,8.753622055053711
2021-12-02,15.016314506530762,9.421529769897461
2021-12-03,14.96420955657959,9.554415702819824
2021-12-06,15.140036582946777,9.597603797912598
2021-12-07,14.951192855834961,9.753743171691895
2021-12-08,14.807929039001465,9.750418663024902
2021-12-09,14.4107027053833,9.730488777160645
2021-12-10,14.430242538452148,9.85008430480957
2021-12-13,14.046043395996094,9.790287017822266
2021-12-14,14.182795524597168,9.674013137817383
2021-12-15,14.13720989227295,9.733810424804688
2021-12-16,14.280467987060547,9.863373756408691
2021-12-17,13.967900276184082,9.630824089050293
2021-12-20,13.753008842468262,9.355090141296387
2021-12-21,13.772550582885742,9.368374824523926
2021-12-22,13.824638366699219,9.355090141296387
2021-12-23,13.896279335021973,9.411565780639648
2021-12-27,14.039532661437988,9.551093101501465
2021-12-28,13.98744010925293,9.561059951782227
2021-12-29,13.870223999023438,9.481328964233398
2021-12-30,13.64231014251709,9.451430320739746
2022-01-03,14.018779754638672,9.664047241210938
2022-01-04,14.416343688964844,9.700591087341309
2022-01-05,14.142614364624023,9.325189590454102
2022-01-06,14.42937183380127,9.318547248840332
2022-01-07,14.748727798461914,9.361734390258789
2022-01-10,14.885592460632324,9.305255889892578
2022-01-11,15.217966079711914,9.58099365234375
2022-01-12,15.152800559997559,9.873339653015137
2022-01-13,15.433043479919434,10.072665214538574
2022-01-14,15.315733909606934,10.448066711425781
2022-01-17,15.315733909606934,10.464675903320312
2022-01-18,15.406974792480469,10.51118278503418
2022-01-19,15.302701950073242,10.461355209350586
2022-01-20,15.178872108459473,10.537764549255371
2022-01-21,15.18538761138916,10.554374694824219
2022-01-24,15.165826797485352,10.614171981811523
2022-01-25,15.713289260864258,10.959674835205078
2022-01-26,15.882740020751953,11.252019882202148
2022-01-27,15.960954666137695,11.255338668823242
2022-01-28,16.156475067138672,10.810176849365234
2022-01-31,16.508413314819336,10.747056007385254
2022-02-01,16.624269485473633,10.962993621826172
2022-02-02,16.36339569091797,10.803533554077148
2022-02-03,16.55252456665039,10.65403938293457
2022-02-04,16.604698181152344,10.840075492858887
2022-02-07,16.513395309448242,10.680614471435547
2022-02-08,16.696001052856445,10.57430648803711
2022-02-09,16.03077507019043,10.614171981811523
2022-02-10,16.337303161621094,10.776957511901855
2022-02-11,17.30254554748535,11.215475082397461
2022-02-14,17.26340675354004,10.962993621826172
2022-02-15,17.42645263671875,10.790245056152344
2022-02-16,17.243850708007812,10.939739227294922
2022-02-17,17.00253677368164,10.896553993225098
2022-02-18,17.06775665283203,10.962993621826172
2022-02-21,16.65035629272461,11.245375633239746
2022-02-22,16.80282211303711,11.208831787109375
2022-02-23,16.567916870117188,11.368292808532715
2022-02-24,16.287321090698242,11.092556953430176
2022-02-25,16.620115280151367,11.295207023620605
2022-03-02,16.344318389892578,11.51778793334961
2022-03-03,16.357383728027344,11.37493896484375
2022-03-04,16.109249114990234,11.371617317199707
2022-03-07,15.76317310333252,10.564339637756348
2022-03-08,15.612977981567383,10.783599853515625
2022-03-09,16.39003562927246,10.816821098327637
2022-03-10,16.403085708618164,11.195542335510254
2022-03-11,16.220258712768555,10.79356575012207
2022-03-14,16.448802947998047,10.58759593963623
2022-03-15,16.39003562927246,10.33178997039795
2022-03-16,16.709991455078125,10.242094039916992
2022-03-17,17.075672149658203,9.969683647155762
2022-03-18,17.19974708557129,10.1690092086792
2022-03-21,17.624187469482422,10.55105209350586
2022-03-22,17.865795135498047,10.504541397094727
2022-03-23,17.78742218017578,10.647393226623535
2022-03-24,17.904970169067383,10.77031421661377
2022-03-25,17.937618255615234,10.730445861816406
2022-03-28,17.924556732177734,10.49789810180664
2022-03-29,18.133516311645508,10.730445861816406
2022-03-30,18.172691345214844,10.959674835205078
2022-03-31,17.944150924682617,11.1124906539917
2022-04-01,17.994892120361328,10.966317176818848
2022-04-04,17.831525802612305,10.86333179473877
2022-04-05,17.472158432006836,10.760345458984375
2022-04-06,17.465621948242188,10.75037956237793
2022-04-07,17.452560424804688,11.308493614196777
2022-04-08,17.41988754272461,11.364970207214355
2022-04-11,17.354551315307617,11.278595924377441
2022-04-12,17.047443389892578,11.245375633239746
2022-04-13,17.093181610107422,11.484570503234863
2022-04-14,17.204259872436523,11.364723205566406
2022-04-18,17.302274703979492,11.164830207824707
2022-04-19,16.99517250061035,11.50283145904541
2022-04-20,17.10624885559082,11.557345390319824
2022-04-22,16.77301025390625,11.106681823730469
2022-04-25,16.707664489746094,10.943136215209961
2022-04-26,16.13920783996582,10.924962043762207
2022-04-27,16.008525848388672,10.924962043762207
2022-04-28,15.877840995788574,10.997653007507324
2022-04-29,15.596875190734863,11.004919052124023
2022-05-02,15.529949188232422,10.895888328552246
2022-05-03,15.608415603637695,10.994014739990234
2022-05-04,15.588797569274902,11.655474662780762
2022-05-05,15.229162216186523,11.633665084838867
2022-05-06,15.556106567382812,12.015277862548828
2022-05-09,15.333778381347656,11.68818473815918
2022-05-10,15.255316734313965,11.789947509765625
2022-05-11,15.765348434448242,12.200632095336914
2022-05-12,16.013826370239258,12.295125007629395
2022-05-13,16.203453063964844,12.455039024353027
2022-05-16,16.37346839904785,12.578608512878418
2022-05-17,16.5173282623291,12.415060997009277
2022-05-18,16.281930923461914,12.21153736114502
2022-05-19,16.229610443115234,12.418696403503418
2022-05-20,16.432321548461914,12.65856647491455
2022-05-23,16.857345581054688,13.156476974487305
2022-05-24,17.11236572265625,12.798242568969727
2022-05-25,16.805038452148438,12.98049545288086
2022-05-26,17.01428985595703,13.012894630432129
2022-05-27,17.105831146240234,12.393233299255371
2022-05-30,16.948890686035156,12.14617919921875
2022-05-31,17.105831146240234,12.174530982971191
2022-06-01,16.86872673034668,12.158329010009766
2022-06-02,16.940706253051758,12.05302906036377
2022-06-03,16.783662796020508,12.263630867004395
2022-06-06,16.72477912902832,12.271730422973633
2022-06-07,16.72477912902832,12.417535781860352
2022-06-08,16.404159545898438,12.356782913208008
2022-06-09,16.122793197631836,12.178577423095703
2022-06-10,15.76944637298584,12.008476257324219
2022-06-13,15.579697608947754,11.854573249816895
2022-06-14,15.475001335144043,11.988226890563965
2022-06-15,15.540432929992676,11.77762222290039
2022-06-17,15.344131469726562,11.060758590698242
2022-06-20,16.011552810668945,11.186312675476074
2022-06-21,15.841428756713867,10.963554382324219
2022-06-22,15.723641395568848,10.931156158447266
2022-06-23,15.363762855529785,10.728652000427246
2022-06-24,15.337584495544434,10.647652626037598
2022-06-27,15.429192543029785,11.332114219665527
2022-06-28,15.259069442749023,11.473868370056152
2022-06-29,15.102035522460938,11.372612953186035
2022-06-30,14.833749771118164,11.31186580657959
2022-07-01,14.963178634643555,11.554871559143066
2022-07-04,14.819119453430176,11.801921844482422
2022-07-05,14.923890113830566,11.352362632751465
2022-07-06,14.786377906799316,11.206562042236328
2022-07-07,14.99592113494873,11.534618377685547
2022-07-08,15.002471923828125,11.664217948913574
2022-07-11,14.760172843933105,11.607519149780273
2022-07-12,14.72744083404541,11.433367729187012
2022-07-13,14.66850471496582,11.44146728515625
2022-07-14,14.504788398742676,11.133659362792969
2022-07-15,14.766725540161133,11.324013710021973
2022-07-18,14.963178634643555,11.583218574523926
2022-07-19,15.46741008758545,11.81812572479248
2022-07-20,15.270960807800293,11.814071655273438
2022-07-21,15.395379066467285,11.75332260131836
2022-07-22,15.23166275024414,11.878874778747559
2022-07-25,15.454312324523926,12.433735847473145
2022-07-26,15.369184494018555,12.55928897857666
2022-07-27,15.4215726852417,12.696988105773926
2022-07-28,15.519796371459961,13.077699661254883
2022-07-29,15.46741008758545,13.831013679504395
2022-08-01,15.380675315856934,13.640656471252441
2022-08-02,15.544512748718262,13.701408386230469
2022-08-03,15.655908584594727,13.709510803222656
2022-08-04,16.03600311279297,13.85530948638916
2022-08-05,16.337461471557617,14.122613906860352
2022-08-08,16.54062271118164,14.835429191589355
2022-08-09,16.973140716552734,15.078435897827148
2022-08-10,17.28769302368164,15.029830932617188
2022-08-11,17.31391143798828,14.681525230407715
2022-08-12,17.523616790771484,15.771774291992188
2022-08-15,17.67434310913086,15.776748657226562
2022-08-16,17.87749671936035,15.920984268188477
2022-08-17,17.92337417602539,16.294017791748047
2022-08-18,17.87094497680664,16.62228775024414
2022-08-19,17.656530380249023,15.781722068786621
2022-08-22,17.457698822021484,16.119937896728516
2022-08-23,17.50408935546875,16.63223648071289
2022-08-24,17.576997756958008,16.73171043395996
2022-08-25,17.795724868774414,16.552656173706055
2022-08-26,17.689672470092773,16.73171043395996
2022-08-29,17.630023956298828,17.149503707885742
2022-08-30,17.550491333007812,16.129886627197266
2022-08-31,17.10643196105957,16.527786254882812
2022-09-01,17.370162963867188,16.836162567138672
2022-09-02,17.608930587768555,16.62228775024414
2022-09-05,17.894123077392578,16.58249855041504
2022-09-06,17.728309631347656,15.965752601623535
2022-09-08,17.602293014526367,15.816539764404297
2022-09-09,17.741573333740234,15.811566352844238
2022-09-12,17.960445404052734,15.657379150390625
2022-09-13,17.77473258972168,15.244558334350586
2022-09-14,17.708412170410156,15.478323936462402
2022-09-15,17.754837036132812,15.44848346710205
2022-09-16,17.69514274597168,15.309215545654297
2022-09-19,18.358396530151367,15.552932739257812
2022-09-20,18.968557357788086,15.463406562805176
2022-09-21,18.769582748413086,15.503193855285645
2022-09-22,19.14763069152832,15.886174201965332
2022-09-23,18.769582748413086,14.891419410705566
2022-09-26,18.365015029907227,14.56812858581543
2022-09-27,18.258895874023438,14.75712776184082
2022-09-28,18.252269744873047,14.55817985534668
2022-09-29,18.524188995361328,14.578073501586914
2022-09-30,18.610416412353516,14.82178783416748
2022-10-03,19.743696212768555,16.005538940429688
2022-10-04,19.77688980102539,15.602670669555664
2022-10-05,19.77688980102539,16.18956756591797
2022-10-06,19.418514251708984,16.741657257080078
2022-10-07,19.458332061767578,16.72673797607422
2022-10-10,19.252595901489258,16.537734985351562
2022-10-11,19.11986541748047,16.413393020629883
2022-10-13,19.00705337524414,16.880922317504883
2022-10-14,19.013681411743164,16.62228775024414
2022-10-17,19.166324615478516,16.60736656188965
2022-10-18,19.63751792907715,17.015216827392578
2022-10-19,19.644149780273438,17.617036819458008
2022-10-20,19.949432373046875,18.139286041259766
2022-10-21,20.61309814453125,18.761003494262695
2022-10-24,19.67733383178711,17.035110473632812
2022-10-25,19.51805877685547,16.676998138427734
2022-10-26,19.099956512451172,16.269149780273438
2022-10-27,19.45169448852539,16.393495559692383
2022-10-28,19.604331970214844,16.19951820373535
2022-10-31,20.175073623657227,14.826764106750488
2022-11-01,20.226646423339844,14.851632118225098
2022-11-03,20.080554962158203,14.896393775939941
2022-11-04,20.153589248657227,14.075728416442871
2022-11-07,19.695405960083008,13.503746032714844
2022-11-08,19.635650634765625,13.603219985961914
2022-11-09,18.69270896911621,13.379401206970215
2022-11-10,18.340770721435547,12.991446495056152
2022-11-11,17.749774932861328,13.424163818359375
2022-11-14,17.69664764404297,13.777299880981445
2022-11-16,17.444316864013672,13.503746032714844
2022-11-17,17.550565719604492,13.508719444274902
2022-11-18,17.69001007080078,13.279924392700195
2022-11-21,17.743125915527344,13.319716453552246
2022-11-22,17.450952529907227,12.414417266845703
2022-11-23,17.271663665771484,12.472954750061035
2022-11-24,17.88922119140625,12.903973579406738
2022-11-25,17.25838279724121,12.696441650390625
2022-11-28,16.9462890625,12.962506294250488
2022-11-29,17.092369079589844,13.505269050598145
2022-11-30,17.265026092529297,14.18638801574707
2022-12-01,17.263460159301758,13.617016792297363
2022-12-02,17.496034622192383,13.787296295166016
2022-12-05,16.984373092651367,13.632980346679688
2022-12-06,17.376420974731445,13.643621444702148
2022-12-07,17.25017738342285,13.48930835723877
2022-12-08,16.645483016967773,13.185999870300293
2022-12-09,16.487035751342773,13.148746490478516
2022-12-12,16.33118438720703,12.72304916381836
2022-12-13,15.714526176452637,12.409097671508789
2022-12-14,15.782292366027832,11.424674034118652
2022-12-15,15.870392799377441,11.727980613708496
2022-12-16,16.04657554626465,11.73330307006836
2022-12-19,16.52769660949707,11.90890121459961
2022-12-20,16.703876495361328,12.276065826416016
2022-12-21,16.771648406982422,12.542130470275879
2022-12-22,16.805532455444336,12.765620231628418
2022-12-23,17.06981658935547,13.366917610168457
2022-12-26,16.730979919433594,13.271135330200195
2022-12-27,16.6361141204834,13.36159896850586
2022-12-28,16.974939346313477,13.196640014648438
2022-12-29,16.941057205200195,13.037003517150879
2023-01-02,16.60719108581543,12.196248054504395
2023-01-03,16.26133918762207,11.887619018554688
2023-01-04,16.308813095092773,12.265424728393555
2023-01-05,16.81740379333496,12.707086563110352
2023-01-06,17.10899543762207,12.632589340209961
2023-01-09,17.231056213378906,12.701766014099121
2023-01-10,17.563337326049805,12.818833351135254
2023-01-11,17.86849021911621,12.919938087463379
2023-01-12,17.617591857910156,13.106178283691406
2023-01-13,17.529428482055664,13.074251174926758
2023-01-16,17.339557647705078,12.79222583770752
2023-01-17,17.698963165283203,13.579767227172852
2023-01-18,18.01767921447754,13.340311050415039
2023-01-19,18.01767921447754,13.776654243469238
2023-01-20,17.698963165283203,14.032072067260742
2023-01-23,17.156471252441406,14.255562782287598
2023-01-24,17.312435150146484,14.154459953308105
2023-01-25,17.373464584350586,14.335381507873535
2023-01-26,17.27174186706543,13.968214988708496
2023-01-27,16.905563354492188,13.632980346679688
2023-01-30,16.91234016418457,13.702156066894531
2023-01-31,17.176809310913086,13.872435569763184
2023-02-01,16.95128059387207,13.680871963500977
2023-02-02,17.10735511779785,13.047646522521973
2023-02-03,17.046279907226562,13.191320419311523
2023-02-06,17.053070068359375,13.718118667602539
2023-02-07,16.65947914123535,13.632980346679688
2023-02-08,18.037031173706055,13.861786842346191
2023-02-09,17.58916473388672,13.797938346862793
2023-02-10,17.507719039916992,14.218314170837402
2023-02-13,18.125247955322266,14.260884284973145
2023-02-14,17.90130615234375,14.207673072814941
2023-02-15,18.16596221923828,14.228957176208496
2023-02-16,18.301681518554688,14.287491798400879
2023-02-17,18.2406063079834,14.069317817687988
2023-02-22,17.90130615234375,13.707476615905762
2023-02-23,17.96916389465332,14.127856254577637
2023-02-24,17.419511795043945,13.781973838806152
2023-02-27,17.19556999206543,13.915002822875977
2023-02-28,17.256643295288086,13.430769920349121
2023-03-01,16.976634979248047,13.462699890136719
2023-03-02,16.419797897338867,13.111498832702637
2023-03-03,16.440170288085938,13.675548553466797
2023-03-06,16.81365394592285,13.8139009475708
2023-03-07,16.861190795898438,13.356277465820312
2023-03-08,17.071704864501953,13.526555061340332
2023-03-09,16.74574851989746,13.468019485473633
2023-03-10,16.34510040283203,13.292421340942383
2023-03-13,16.148170471191406,12.872045516967773
2023-03-14,16.093843460083008,12.643231391906738
2023-03-15,16.053112030029297,12.419739723205566
2023-03-16,16.317947387695312,12.37717056274414
2023-03-17,15.84938907623291,12.510201454162598
2023-03-20,15.89012622833252,12.201568603515625
2023-03-21,16.216079711914062,12.451666831970215
2023-03-22,16.12100601196289,12.414417266845703
2023-03-23,15.72036075592041,12.132394790649414
2023-03-24,15.948383331298828,12.127074241638184
2023-03-27,16.223129272460938,12.334602355957031
2023-03-28,16.29867935180664,12.55277156829834
2023-03-29,16.45665168762207,12.717727661132812
2023-03-30,16.909976959228516,12.754979133605957
2023-03-31,16.992385864257812,12.478275299072266
2023-04-03,16.516517639160156,13.031681060791016
2023-04-04,16.846431732177734,12.914615631103516
2023-04-05,16.83268928527832,12.957186698913574
2023-04-06,16.7777042388916,12.770942687988281
2023-04-10,16.956403732299805,13.042323112487793
2023-04-11,17.50626564025879,13.654264450073242
2023-04-12,17.62311553955078,13.755367279052734
2023-04-13,17.62311553955078,13.851150512695312
2023-04-14,17.877426147460938,13.994824409484863
2023-04-17,17.843063354492188,14.212996482849121
2023-04-18,17.829317092895508,14.574837684631348
2023-04-19,17.547508239746094,14.106569290161133
2023-04-20,17.59562110900879,14.202350616455078
2023-04-24,17.437536239624023,14.473732948303223
2023-04-25,17.59562110900879,14.415201187133789
2023-04-26,17.416906356811523,14.234278678894043
2023-04-27,17.726213455200195,13.888399124145508
2023-04-28,17.815567016601562,14.206189155578613
2023-05-02,17.126150131225586,13.630748748779297
2023-05-03,17.098644256591797,13.582794189453125
2023-05-04,17.23621368408203,13.798582077026367
2023-05-05,17.875856399536133,14.38601303100586
2023-05-08,18.12345314025879,14.691715240478516
2023-05-09,18.233509063720703,14.739666938781738
2023-05-10,18.501745223999023,14.70370101928711
2023-05-11,18.680570602416992,15.243178367614746
2023-05-12,18.508623123168945,15.734699249267578
2023-05-15,18.577407836914062,15.381047248840332
2023-05-16,18.515504837036133,15.764670372009277
2023-05-17,18.70120620727539,15.381047248840332
2023-05-18,18.63242530822754,15.47095775604248
2023-05-19,18.481117248535156,15.446983337402344
2023-05-22,18.130340576171875,15.357070922851562
2023-05-23,18.274778366088867,15.734699249267578
2023-05-24,18.17160415649414,15.974467277526855
2023-05-25,18.742469787597656,15.854584693908691
2023-05-26,18.598041534423828,16.06437873840332
2023-05-29,18.515504837036133,15.998443603515625
2023-05-30,18.254138946533203,15.818617820739746
2023-05-31,18.109708786010742,15.656774520874023
2023-06-01,18.37650489807129,16.160287857055664
2023-06-02,18.644926071166992,16.292158126831055
2023-06-05,18.686214447021484,16.465991973876953
2023-06-06,18.816991806030273,16.81365394592285
2023-06-07,18.872047424316406,17.305173873901367
2023-06-09,19.133594512939453,18.150352478027344
2023-06-12,18.92711067199707,18.46804428100586
2023-06-13,19.140474319458008,18.4320068359375
2023-06-14,19.402008056640625,19.22395896911621
2023-06-15,19.656665802001953,18.77050018310547
2023-06-16,19.71860694885254,18.9301700592041
2023-06-19,19.987028121948242,19.42833137512207
2023-06-20,19.97751235961914,19.524131774902344
2023-06-21,20.172008514404297,20.341632843017578
2023-06-22,19.97751235961914,20.086162567138672
2023-06-23,19.915000915527344,19.262279510498047
2023-06-26,19.8872127532959,19.696575164794922
2023-06-27,19.664928436279297,19.54329490661621
2023-06-28,19.55379295349121,19.7285099029541
2023-06-29,19.789974212646484,19.817920684814453
2023-06-30,19.74134063720703,18.85991859436035
2023-07-03,20.128931045532227,19.211183547973633
2023-07-04,20.003826141357422,19.255891799926758
2023-07-05,20.177595138549805,19.230344772338867
2023-07-06,19.878721237182617,18.936555862426758
2023-07-07,20.25404930114746,18.840755462646484
2023-07-10,20.121986389160156,18.8726863861084
2023-07-11,19.76750373840332,18.61722183227539
2023-07-12,19.64935302734375,18.629993438720703
2023-07-13,19.86481475830078,18.923782348632812
2023-07-14,19.656295776367188,18.55335235595703
2023-07-17,20.03858184814453,18.51503562927246
2023-07-18,19.64935302734375,18.41284942626953
2023-07-19,19.440832138061523,18.585289001464844
2023-07-20,19.80226707458496,18.604446411132812
2023-07-21,20.15673828125,18.955717086791992
2023-07-24,19.83701515197754,19.35169219970703
2023-07-25,19.878721237182617,19.798763275146484
2023-07-26,19.98992347717285,19.798763275146484
2023-07-27,19.545087814331055,18.77050018310547
2023-07-28,19.83701515197754,19.006811141967773
2023-07-31,19.906522750854492,19.869014739990234
2023-08-01,19.967479705810547,19.54329490661621
2023-08-02,19.904878616333008,19.498584747314453
2023-08-03,19.751874923706055,19.74766731262207
2023-08-04,19.390220642089844,19.16008949279785
2023-08-07,19.23721694946289,19.28143882751465
2023-08-08,19.195486068725586,19.300600051879883
2023-08-09,19.125938415527344,19.453880310058594
2023-08-10,19.188533782958984,19.56245231628418
2023-08-11,19.223316192626953,19.517744064331055
2023-08-14,18.945117950439453,19.568838119506836
2023-08-15,18.840791702270508,19.709346771240234
2023-08-16,18.82688331604004,20.14364242553711
2023-08-17,18.604324340820312,20.079776763916016
2023-08-18,18.750375747680664,20.13086700439453
2023-08-21,18.673873901367188,19.9903621673584
2023-08-22,18.965974807739258,20.29488754272461
2023-08-23,19.202442169189453,21.375600814819336
2023-08-24,18.979887008666992,21.342453002929688
2023-08-25,18.68082618713379,21.19658851623535
2023-08-28,19.31371307373047,21.435274124145508
2023-08-29,19.61973762512207,21.481687545776367
2023-08-30,19.244173049926758,21.62754249572754
2023-08-31,19.07725715637207,21.176700592041016
2023-09-01,19.242650985717773,21.63417625427246
2023-09-04,19.068655014038086,21.408750534057617
2023-09-05,18.783321380615234,22.12480926513672
2023-09-06,18.602380752563477,22.22425651550293
2023-09-08,18.630218505859375,22.144699096679688
2023-09-11,19.103458404541016,22.12480926513672
2023-09-12,19.214807510375977,22.23088836669922
2023-09-13,19.312240600585938,21.899381637573242
2023-09-14,19.235681533813477,22.45631217956543
2023-09-15,19.19392967224121,22.469575881958008
2023-09-18,19.145217895507812,22.62870216369629
2023-09-19,19.088491439819336,22.68174171447754
2023-09-20,19.411788940429688,22.734783172607422
2023-09-21,18.969017028808594,22.383380889892578
2023-09-22,18.919824600219727,22.56239891052246
2023-09-25,18.976041793823242,22.70825958251953
2023-09-26,18.694913864135742,22.18447494506836
2023-09-27,18.659778594970703,22.88727378845215
2023-09-28,19.151748657226562,22.840866088867188
2023-09-29,19.123632431030273,22.966838836669922
2023-10-02,18.9461669921875,22.6220645904541
2023-10-03,18.70705223083496,22.522615432739258
2023-10-04,19.136045455932617,21.62754249572754
2023-10-05,19.438453674316406,21.700475692749023
2023-10-06,19.621307373046875,22.217628479003906
2023-10-09,19.452526092529297,23.172374725341797
2023-10-10,19.431421279907227,23.34475326538086
2023-10-11,19.677568435668945,23.285083770751953
2023-10-13,19.47361946105957,24.054183959960938
2023-10-16,19.501752853393555,24.319393157958984
2023-10-17,19.213415145874023,24.975770950317383
2023-10-18,18.812543869018555,25.539337158203125
2023-10-19,19.030559539794922,25.41998863220215
2023-10-20,18.960229873657227,25.09511375427246
2023-10-23,18.9813289642334,23.437576293945312
2023-10-24,18.9813289642334,23.788976669311523
2023-10-25,19.01648712158203,23.914949417114258
2023-10-26,19.48768424987793,23.669628143310547
2023-10-27,19.199342727661133,23.49724769592285
2023-10-30,19.04463005065918,23.25856590270996
2023-10-31,18.86176872253418,23.033140182495117
2023-11-01,19.127540588378906,23.285083770751953
2023-11-03,19.65534019470215,23.56355094909668
2023-11-06,19.83831787109375,23.543659210205078
2023-11-07,20.394262313842773,23.152481079101562
2023-11-08,20.485740661621094,22.655216217041016
2023-11-09,20.57723617553711,23.125959396362305
2023-11-10,20.823545455932617,23.019878387451172
2023-11-13,20.68279266357422,23.663000106811523
2023-11-14,20.992443084716797,23.987876892089844
2023-11-16,21.330230712890625,23.570178985595703
2023-11-17,21.428752899169922,24.339277267456055
2023-11-20,21.639869689941406,24.35917091369629
2023-11-21,21.604690551757812,24.107219696044922
2023-11-22,21.7383975982666,24.2252140045166
2023-11-23,21.710247039794922,24.232101440429688
2023-11-24,21.590618133544922,24.301000595092773
2023-11-27,21.53431510925293,24.1632022857666
2023-11-28,21.745433807373047,24.52837562561035
2023-11-29,21.893217086791992,24.27344512939453
2023-11-30,22.231016159057617,24.741960525512695
2023-12-01,22.18006706237793,24.576601028442383
2023-12-04,22.208229064941406,24.05295753479004
2023-12-05,22.391311645507812,23.942724227905273
2023-12-06,22.194156646728516,23.08147621154785
2023-12-07,22.44058609008789,23.026351928710938
2023-12-08,22.724462509155273,23.763586044311523
2023-12-11,22.568330764770508,23.674013137817383
2023-12-12,22.454782485961914,23.48109245300293
2023-12-13,23.136089324951172,23.818702697753906
2023-12-14,23.327707290649414,24.335451126098633
2023-12-15,23.228355407714844,24.39057159423828
2023-12-18,23.341903686523438,24.693729400634766
2023-12-19,23.356096267700195,24.976221084594727
2023-12-20,23.11479949951172,25.0657901763916
2023-12-21,23.27092742919922,25.072681427001953
2023-12-22,23.639972686767578,25.313833236694336
2023-12-26,23.881269454956055,25.720338821411133
2023-12-27,24.04449462890625,25.741012573242188
2023-12-28,24.10837173461914,25.6583309173584
2024-01-02,23.801380157470703,26.030391693115234
2024-01-03,23.53865623474121,26.84341049194336
2024-01-04,23.38243293762207,26.616039276123047
2024-01-05,23.92919158935547,26.67805290222168
2024-01-08,23.67356300354004,26.47823715209961
2024-01-09,23.65936279296875,26.25086784362793
2024-01-10,23.638063430786133,26.009721755981445
2024-01-11,23.68067169189453,26.230199813842773
2024-01-12,23.709064483642578,26.299100875854492
2024-01-15,23.751676559448242,26.581592559814453
2024-01-16,23.41794204711914,26.25086784362793
2024-01-17,23.432144165039062,26.09929084777832
2024-01-18,23.33273696899414,25.995941162109375
2024-01-19,23.38953399658203,25.858142852783203
2024-01-22,23.0060977935791,25.975269317626953
2024-01-23,23.11261558532715,26.299100875854492
2024-01-24,23.0060977935791,26.09929084777832
2024-01-25,22.95639991760254,27.063888549804688
2024-01-26,23.29723358154297,27.532405853271484
2024-01-29,23.1765193939209,27.95269775390625
2024-01-30,23.02741241455078,27.78044891357422
2024-01-31,23.27592658996582,28.08360481262207
2024-02-01,23.224525451660156,28.641695022583008
2024-02-02,23.260047912597656,28.269636154174805
2024-02-05,23.700529098510742,28.393659591674805
2024-02-06,24.716466903686523,28.655479431152344
2024-02-07,24.538854598999023,29.075767517089844
2024-02-08,24.055753707885742,28.84150505065918
2024-02-09,24.36124610900879,28.45566749572754
2024-02-14,24.36124610900879,28.242076873779297
2024-02-15,24.567276000976562,29.144672393798828
2024-02-16,24.538854598999023,29.413375854492188
2024-02-19,24.80883026123047,29.55807113647461
2024-02-20,25.348758697509766,29.248018264770508
2024-02-21,25.206668853759766,29.289356231689453
2024-02-22,25.063690185546875,29.068878173828125
2024-02-23,25.13706398010254,28.869070053100586
2024-02-26,25.210439682006836,29.413375854492188
2024-02-27,25.518598556518555,29.372034072875977
2024-02-28,25.533273696899414,27.85624122619629
2024-02-29,24.902273178100586,27.656431198120117
2024-03-01,25.01066780090332,27.683988571166992
2024-03-04,24.81980323791504,27.615093231201172
2024-03-05,24.797775268554688,27.532405853271484
2024-03-06,25.06939697265625,28.138731002807617
2024-03-07,24.805118560791016,27.828678131103516
2024-03-08,25.032690048217773,25.286266326904297
2024-03-11,25.15748405456543,24.562824249267578
2024-03-12,25.26025390625,25.368953704833984
2024-03-13,25.509851455688477,25.0657901763916
2024-03-14,25.49517059326172,24.955556869506836
2024-03-15,25.355688095092773,25.024452209472656
2024-03-18,25.45846176147461,25.038230895996094
2024-03-19,25.49517059326172,24.852201461791992
2024-03-20,25.546558380126953,25.286266326904297
2024-03-21,25.28228187561035,24.59726905822754
2024-03-22,24.928756713867188,24.838420867919922
2024-03-25,24.928756713867188,25.21737289428711
2024-03-26,25.424068450927734,24.983110427856445
2024-03-27,25.56454086303711,25.182926177978516
2024-03-28,25.60889434814453,25.741012573242188
2024-04-01,24.734355926513672,25.94082260131836
2024-04-02,24.76394271850586,26.609146118164062
2024-04-03,24.579023361206055,26.47134780883789
2024-04-04,24.253570556640625,26.168190002441406
2024-04-05,24.20919418334961,26.25086784362793
2024-04-08,24.57163429260254,26.616039276123047
2024-04-09,24.830509185791016,26.684940338134766
2024-04-10,24.30535125732422,27.277484893798828
2024-04-11,24.260971069335938,27.07767105102539
2024-04-12,24.00948143005371,26.829626083374023
2024-04-15,23.602664947509766,27.084566116333008
2024-04-16,23.425153732299805,27.20857810974121
2024-04-17,23.43994903564453,27.40839195251465
2024-04-18,23.46953582763672,27.45661735534668
2024-04-19,23.336389541625977,27.925134658813477
2024-04-22,23.321603775024414,28.593469619750977
2024-04-23,23.669239044189453,28.538345336914062
2024-04-24,23.565690994262695,28.407440185546875
2024-04-25,23.432544708251953,29.08954620361328
2024-04-26,23.824567794799805,29.500375747680664
2024-04-29,23.639650344848633,29.854530334472656
2024-04-30,23.19585609436035,29.76244354248047
2024-05-02,23.53455352783203,29.875768661499023
2024-05-03,23.830581665039062,29.4957218170166
2024-05-06,23.97859764099121,29.69536590576172
2024-05-07,24.474456787109375,30.057687759399414
2024-05-08,24.629863739013672,30.51612663269043
2024-05-09,23.88979148864746,30.811899185180664
2024-05-10,24.163618087768555,30.74535369873047
2024-05-13,24.459653854370117,30.774925231933594
2024-05-14,24.726078033447266,30.22036361694336
2024-05-15,24.65947151184082,28.39397621154785
2024-05-16,24.58547019958496,27.565818786621094
2024-05-17,24.592864990234375,27.129554748535156
2024-05-20,24.518861770629883,27.17392349243164
2024-05-21,24.393043518066406,27.12216567993164
2024-05-22,24.015602111816406,27.49187469482422
2024-05-23,23.800979614257812,27.218290328979492
2024-05-24,23.57155990600586,27.070402145385742
2024-05-27,23.490150451660156,27.36617088317871
2024-05-28,23.364336013793945,27.9503173828125
2024-05-29,23.201519012451172,27.913347244262695
2024-05-31,22.964691162109375,28.68235206604004
2024-06-03,23.28877067565918,28.52707290649414
2024-06-04,23.370227813720703,28.209117889404297
2024-06-05,23.325796127319336,28.2460880279541
2024-06-06,23.621994018554688,28.379192352294922
2024-06-07,23.28877067565918,27.31441307067871
2024-06-10,23.10364532470703,27.728492736816406
2024-06-11,23.36281967163086,27.846797943115234
2024-06-12,23.325796127319336,27.240867614746094
2024-06-13,23.08142852783203,26.967092514038086
2024-06-14,23.059219360351562,26.37390899658203
2024-06-17,23.621994018554688,26.47277069091797
2024-06-18,23.607189178466797,27.30171012878418
2024-06-19,23.792308807373047,27.324525833129883
2024-06-20,23.62940216064453,27.758007049560547
2024-06-21,23.794357299804688,27.90250015258789
2024-06-24,24.137683868408203,28.183881759643555
2024-06-25,24.212324142456055,28.16106605529785
2024-06-26,24.16753578186035,28.20669937133789
2024-06-27,24.212324142456055,28.678203582763672
2024-06-28,24.189939498901367,28.936767578125
2024-07-01,24.07616424560547,29.377857208251953
2024-07-02,24.389801025390625,29.28660011291504
2024-07-03,24.53915786743164,28.77706527709961
2024-07-04,24.576499938964844,28.38161277770996
2024-07-05,24.591434478759766,28.533708572387695
2024-07-08,24.5466251373291,29.233362197875977
2024-07-09,24.718385696411133,29.22575569152832
2024-07-10,24.979761123657227,28.951980590820312
2024-07-11,25.12911605834961,29.149707794189453
2024-07-12,24.987228393554688,29.0128173828125
2024-07-15,25.084304809570312,29.27899742126465
2024-07-16,25.23366355895996,29.202943801879883
2024-07-17,25.509973526000977,29.35504722595215
2024-07-18,25.390491485595703,29.301803588867188
2024-07-19,25.584653854370117,29.42348289489746
2024-07-22,25.56971549987793,28.83790397644043
2024-07-23,25.532379150390625,28.465267181396484
2024-07-24,25.495033264160156,28.69341468811035
2024-07-25,25.383020401000977,28.65538787841797
2024-07-26,25.56971549987793,28.624975204467773
2024-07-29,25.75640869140625,28.046993255615234
2024-07-30,25.65932846069336,27.872081756591797
2024-07-31,25.300878524780273,28.450056076049805
2024-08-01,24.93300437927246,28.016571044921875
2024-08-02,24.61919593811035,27.172426223754883
2024-08-05,24.61919593811035,27.149606704711914
2024-08-06,25.164630889892578,27.621116638183594
2024-08-07,25.23187255859375,27.583093643188477
2024-08-08,25.142213821411133,28.02417755126953
2024-08-09,25.8221378326416,27.765609741210938
2024-08-12,25.8594913482666,28.396820068359375
2024-08-13,26.591724395751953,28.22190284729004
2024-08-14,27.249229431152344,28.716224670410156
2024-08-15,27.682588577270508,29.157310485839844
2024-08-16,27.45096206665039,29.27899742126465
2024-08-19,27.61534309387207,29.233362197875977
2024-08-20,27.817068099975586,29.119287490844727
2024-08-21,27.705001831054688,28.944374084472656
2024-08-22,27.45096206665039,29.03291130065918
2024-08-23,27.241762161254883,28.85301971435547
2024-08-26,27.301528930664062,30.949153900146484
2024-08-27,27.331417083740234,30.53462028503418
2024-08-28,27.921688079833984,30.972610473632812
2024-08-29,27.61534309387207,30.761442184448242
2024-08-30,27.42107391357422,30.792720794677734
2024-09-02,27.202529907226562,30.50333023071289
2024-09-03,27.643577575683594,30.135725021362305
2024-09-04,27.837934494018555,30.14354705810547
2024-09-05,28.017345428466797,29.95583724975586
2024-09-06,27.621156692504883,29.369232177734375
2024-09-09,27.8902645111084,29.68990707397461
2024-09-10,27.8902645111084,29.197162628173828
2024-09-11,27.942584991455078,29.165882110595703
2024-09-12,27.636098861694336,28.837379455566406
2024-09-13,27.666006088256836,28.704416275024414
2024-09-16,27.658531188964844,29.103309631347656
2024-09-17,27.59125328063965,28.970340728759766
2024-09-18,27.434267044067383,28.274246215820312
2024-09-19,27.35952377319336,28.36809730529785
2024-09-20,27.060504913330078,28.360275268554688
2024-09-23,26.902341842651367,28.649662017822266
2024-09-24,26.894813537597656,28.76698875427246
2024-09-25,27.233732223510742,28.978158950805664
2024-09-26,27.580177307128906,28.352455139160156
2024-09-27,27.68561553955078,28.24295425415039
2024-09-30,27.196073532104492,28.16473960876465
2024-10-01,26.749725341796875,28.91559600830078
2024-10-02,26.915496826171875,29.314481735229492
2024-10-03,26.252410888671875,29.674266815185547
2024-10-04,26.305152893066406,29.596052169799805
2024-10-07,26.47846031188965,30.01058578491211
2024-10-08,26.63670539855957,29.408342361450195
2024-10-09,26.146915435791016,29.111125946044922
2024-10-10,26.29007911682129,29.447450637817383
2024-10-11,26.09417152404785,29.42397689819336
2024-10-14,26.25994110107422,29.494375228881836
2024-10-15,26.56134796142578,29.251914978027344
2024-10-16,26.40311050415039,29.103309631347656
2024-10-17,26.45585823059082,28.884309768676758
2024-10-18,26.583955764770508,28.80609130859375
2024-10-21,26.448320388793945,28.352455139160156
2024-10-22,26.493532180786133,28.24295425415039
2024-10-23,26.659305572509766,27.8909912109375
2024-10-24,26.900434494018555,28.07870864868164
2024-10-25,26.599027633666992,28.274246215820312
2024-10-28,26.923032760620117,28.22731590270996
2024-10-29,26.63670539855957,28.16473960876465
2024-10-30,26.56134796142578,28.03959846496582
2024-10-31,26.388038635253906,28.08652687072754
2024-11-01,26.243032455444336,27.703283309936523
2024-11-04,26.59735679626465,27.765853881835938
2024-11-05,27.396488189697266,27.6798152923584
2024-11-06,27.268320083618164,27.687639236450195
2024-11-07,26.868764877319336,27.77367401123047
2024-11-08,26.446575164794922,28.297704696655273
2024-11-11,26.476741790771484,28.352455139160156
2024-11-12,26.16010093688965,28.884309768676758
2024-11-13,26.02440643310547,28.845205307006836
2024-11-14,25.949007034301758,29.15023422241211
2024-11-18,25.858543395996094,29.877620697021484
2024-11-19,26.092252731323242,29.564769744873047
2024-11-21,25.639915466308594,29.650800704956055
2024-11-22,25.715303421020508,30.83182716369629
2024-11-25,25.707761764526367,30.64411735534668
2024-11-26,26.19780158996582,30.605009078979492
2024-11-27,25.556978225708008,30.495512008666992
2024-11-28,24.637235641479492,30.182659149169922
2024-11-29,24.576927185058594,30.425119400024414
2024-12-02,24.228168487548828,30.620651245117188
2024-12-03,24.499723434448242,30.89440155029297
2024-12-04,24.650585174560547,30.698867797851562
2024-12-05,25.178590774536133,31.003896713256836
2024-12-06,24.66567039489746,30.52679443359375
2024-12-09,24.786354064941406,31.316755294799805
2024-12-10,25.121843338012695,31.43407440185547
2024-12-11,25.36551856994629,31.746925354003906
2024-12-12,24.733482360839844,31.179088592529297
2024-12-13,24.413644790649414,30.983911514282227
2024-12-16,24.147125244140625,30.853797912597656
2024-12-17,24.276578903198242,31.146562576293945
2024-12-18,23.583616256713867,30.34146499633789
2024-12-19,23.713069915771484,30.219480514526367
2024-12-20,23.987213134765625,29.967384338378906
2024-12-23,23.52269744873047,29.975515365600586
2024-12-26,23.67498779296875,30.200847625732422
2024-12-27,23.438934326171875,30.10797882080078
2024-12-30,23.40085792541504,30.55545425415039
2025-01-02,23.292388916015625,31.04515838623047
2025-01-03,22.720937728881836,30.715879440307617
2025-01-06,23.741931915283203,30.572349548339844
2025-01-07,24.000995635986328,31.222461700439453
2025-01-08,23.612401962280273,30.96917152404785
2025-01-09,23.673362731933594,31.104257583618164
2025-01-10,23.345726013183594,31.188688278198242
2025-01-13,23.513349533081055,31.29845428466797
2025-01-14,23.528594970703125,31.087369918823242
2025-01-15,24.54958724975586,31.48419952392578
2025-01-16,24.4733943939209,31.281557083129883
2025-01-17,24.64864158630371,31.40821075439453
2025-01-20,24.884838104248047,31.48419952392578
2025-01-21,24.93817710876465,31.492637634277344
2025-01-22,24.846742630004883,31.31533432006836
2025-01-23,24.793407440185547,31.0958194732666
2025-01-24,24.73244857788086,30.935396194458008
2025-01-27,25.326763153076172,31.391319274902344
2025-01-28,25.372480392456055,31.34910774230957
2025-01-29,25.311527252197266,31.154918670654297
2025-01-30,25.928688049316406,31.568622589111328
2025-01-31,25.761072158813477,31.821918487548828
2025-02-03,25.52294921875,31.6614990234375
2025-02-04,25.614431381225586,31.34910774230957
2025-02-05,26.003219604492188,31.12114715576172
2025-02-06,26.048965454101562,31.06204605102539
2025-02-07,25.85837745666504,30.88473892211914
2025-02-10,26.140438079833984,31.0958194732666
2025-02-11,26.414880752563477,31.0958194732666
2025-02-12,25.683040618896484,30.631450653076172
2025-02-13,25.820262908935547,30.665218353271484
2025-02-14,26.506366729736328,31.610837936401367
2025-02-17,26.559722900390625,31.805030822753906
2025-02-18,26.51529312133789,32.387611389160156
2025-02-19,26.26771354675293,32.45515060424805
2025-02-20,26.195831298828125,32.50580978393555
2025-02-21,26.11597442626953,32.412933349609375
2025-02-24,25.97220802307129,32.18497085571289
2025-02-25,26.235769271850586,32.041439056396484
2025-02-26,26.171876907348633,32.041439056396484
2025-02-27,26.147920608520508,30.910070419311523
2025-02-28,25.508989334106445,30.3359432220459
2025-03-05,25.890674591064453,29.229894638061523
2025-03-06,25.93862533569336,28.925945281982422
2025-03-07,26.050498962402344,29.238344192504883
2025-03-10,26.282236099243164,29.229894638061523
2025-03-11,26.050498962402344,28.790855407714844
2025-03-12,26.130413055419922,28.790855407714844
2025-03-13,26.553930282592773,29.077922821044922
2025-03-14,27.416954040527344,29.972890853881836
2025-03-17,28.240022659301758,30.530134201049805
2025-03-18,28.391845703125,30.55545425415039
2025-03-19,28.462169647216797,30.530134201049805
2025-03-20,28.198469161987305,30.597671508789062
2025-03-21,28.25999641418457,31.070491790771484
2025-03-24,28.286365509033203,31.02827262878418
2025-03-25,28.51490592956543,31.27311897277832
2025-03-26,28.207256317138672,31.568622589111328
2025-03-27,28.242414474487305,31.805030822753906
2025-03-28,27.855655670166016,31.60240364074707
2025-03-31,27.609535217285156,31.37443733215332
2025-04-01,27.61626434326172,31.492637634277344
2025-04-02,27.625062942504883,31.40821075439453
2025-04-03,28.117572784423828,30.39504051208496
2025-04-04,27.38759422302246,29.170793533325195
2025-04-07,27.44036293029785,28.014097213745117
2025-04-08,27.44915771484375,27.01781463623047
2025-04-09,27.950469970703125,28.11541175842285
2025-04-10,27.836139678955078,26.36769676208496
2025-04-11,27.976858139038086,26.891170501708984
2025-04-14,28.4341983795166,26.78985023498535
2025-04-15,28.794795989990234,26.17350959777832
2025-04-16,28.75082015991211,26.17350959777832
2025-04-17,28.803585052490234,26.691001892089844
2025-04-22,29.366464614868164,26.75156593322754
2025-04-23,29.98211669921875,26.448747634887695
2025-04-24,30.562585830688477,26.32762336730957
2025-04-25,30.4482479095459,26.40549087524414
2025-04-28,30.773662567138672,26.301668167114258
2025-04-29,31.01992416381836,26.44009780883789
2025-04-30,31.292570114135742,25.946941375732422
2025-05-02,31.2113094329834,26.65639305114746
2025-05-05,30.656946182250977,25.66143035888672
2025-05-06,30.498558044433594,26.085369110107422
2025-05-07,30.832937240600586,26.206499099731445
2025-05-08,31.079322814941406,26.569875717163086
2025-05-09,32.759986877441406,26.74291229248047
2025-05-12,32.10004806518555,27.383150100708008
2025-05-13,32.496009826660156,27.798439025878906
2025-05-14,32.71599578857422,27.60810089111328
2025-05-15,33.15596389770508,27.5734920501709
2025-05-16,33.349544525146484,27.703269958496094
2025-05-19,33.745521545410156,27.668663024902344
2025-05-20,33.70151901245117,27.78113555908203
2025-05-21,33.02397155761719,27.469669342041016
2025-05-22,32.795196533203125,27.106292724609375
2025-05-23,33.191162109375,27.166854858398438
2025-05-26,33.26155471801758,27.080333709716797
2025-05-27,33.525543212890625,27.279327392578125
2025-05-28,33.25276184082031,27.192808151245117
2025-05-29,32.98878479003906,27.028425216674805
2025-05-30,32.93598556518555,26.73426055908203
2025-06-02,32.70501708984375,26.889995574951172
2025-06-03,32.5993766784668,26.898164749145508
2025-06-04,32.520137786865234,26.15842056274414
2025-06-05,32.123992919921875,26.167333602905273
2025-06-06,32.203216552734375,26.443622589111328
2025-06-09,32.03595733642578,25.99799346923828
2025-06-10,31.98627281188965,26.782299041748047
2025-06-11,32.27948760986328,27.673559188842773
2025-06-12,32.52827835083008,28.297439575195312
2025-06-13,32.13733673095703,28.992618560791016
2025-06-16,32.7237434387207,28.707416534423828
2025-06-17,32.91921615600586,29.358034133911133
2025-06-18,32.7237434387207,29.331300735473633
2025-06-20,32.554935455322266,29.25108528137207
2025-06-23,32.483856201171875,28.520254135131836
2025-06-24,33.09691619873047,27.958763122558594
2025-06-25,32.501617431640625,27.816162109375
2025-06-26,32.26172637939453,28.038972854614258
2025-06-27,32.2261848449707,27.816162109375
2025-06-30,32.830360412597656,27.96767234802246
2025-07-01,32.979393005371094,28.065710067749023
2025-07-02,32.71271514892578,28.5648136138916
2025-07-03,33.52164840698242,28.662853240966797
2025-07-04,33.539424896240234,28.6272029876709
2025-07-07,33.09495544433594,28.57373046875
2025-07-08,33.01495361328125,28.98370933532715
2025-07-09,32.33047866821289,28.805456161499023
2025-07-10,31.334871292114258,28.734155654907227
2025-07-11,31.07708168029785,29.08174705505371
2025-07-14,31.02375030517578,28.69850730895996
2025-07-15,31.130420684814453,28.475692749023438
2025-07-16,31.28153419494629,28.33308982849121
2025-07-17,31.75267219543457,28.047887802124023
2025-07-18,31.17486572265625,27.620084762573242
2025-07-21,31.539323806762695,27.673559188842773
2025-07-22,31.112638473510742,27.940935134887695
2025-07-23,31.459321975708008,28.51133918762207
2025-07-24,31.16597557067871,28.466779708862305
2025-07-25,31.299314498901367,28.502429962158203
2025-07-28,30.641504287719727,28.538076400756836
2025-07-29,30.819292068481445,28.91240692138672
2025-07-30,31.17486572265625,29.206523895263672
2025-07-31,31.25486946105957,29.09065818786621
2025-08-01,31.066007614135742,28.707416534423828
2025-08-04,31.395078659057617,28.662853240966797
2025-08-05,31.74193572998047,28.796545028686523
2025-08-06,32.14216232299805,28.832191467285156
2025-08-07,32.71136474609375,28.992618560791016
2025-08-08,32.93370056152344,27.210107803344727
2025-08-11,33.13825988769531,27.379444122314453
2025-08-12,33.823081970214844,27.450742721557617
2025-08-13,33.502906799316406,27.24575424194336
2025-08-14,33.45844650268555,26.898164749145508
2025-08-15,33.34282684326172,26.889249801635742
2025-08-18,33.58295440673828,27.058591842651367
2025-08-19,32.60715866088867,26.773387908935547
2025-08-20,32.625118255615234,26.933815002441406
2025-08-21,32.66104507446289,26.99620246887207
2025-08-22,33.5770263671875,27.772708892822266
2025-08-25,33.40639877319336,27.936777114868164
2025-08-26,33.18190002441406,27.73625373840332
2025-08-27,33.738670349121094,27.945890426635742
2025-08-28,34.439125061035156,28.191991806030273
2025-08-29,34.56485366821289,28.346942901611328
2025-09-01,34.84124755859375,28.410743713378906
2025-09-02,34.248287200927734,28.556581497192383
2025-09-03,33.95180130004883,28.310482025146484
2025-09-04,34.08656692504883,28.310482025146484
2025-09-05,34.46390151977539,27.88208770751953
2025-09-08,34.30218505859375,27.991466522216797
2025-09-09,34.005706787109375,28.210222244262695
2025-09-10,34.03266525268555,28.72064781188965
2025-09-11,34.09555435180664,28.611268997192383
2025-09-12,33.58345413208008,28.419858932495117
2025-09-15,34.140480041503906,28.66596031188965
2025-09-16,34.050636291503906,28.73887825012207
2025-09-17,34.53578567504883,28.912057876586914
2025-09-18,34.58070373535156,28.629499435424805
2025-09-19,35.03890609741211,28.310482025146484
2025-09-22,34.53578567504883,28.593042373657227
2025-09-23,35.083831787109375,29.076122283935547
2025-09-24,34.85023880004883,29.732385635375977
2025-09-25,34.571720123291016,29.495405197143555
2025-09-26,34.74242401123047,29.3951416015625
2025-09-29,34.94007873535156,28.994089126586914
2025-09-30,35.1017951965332,28.675073623657227
2025-10-01,34.47050476074219,28.602155685424805
2025-10-02,34.09298324584961,28.32871437072754
2025-10-03,34.34465408325195,28.25579261779785
2025-10-06,33.94916915893555,28.000579833984375
2025-10-07,33.40986633300781,28.10084342956543
2025-10-08,33.472782135009766,27.936777114868164
2025-10-09,33.41885757446289,27.535724639892578
2025-10-10,33.382896423339844,27.289630889892578
2025-10-13,33.517730712890625,27.553956985473633
2025-10-14,33.661537170410156,27.362545013427734
2025-10-15,33.661537170410156,27.11644744873047
2025-10-16,33.58064270019531,26.84300422668457
2025-10-17,33.6974983215332,27.098217010498047
2025-10-20,34.29971694946289,27.11644744873047
2025-10-21,33.97613525390625,26.897693634033203
2025-10-22,34.25476837158203,27.20759391784668
2025-10-23,34.22780990600586,27.517498016357422
2025-10-24,34.1828727722168,27.1984806060791
2025-10-27,34.47050476074219,27.344314575195312
2025-10-28,34.587345123291016,27.335201263427734
2025-10-29,35.3603401184082,27.362545013427734
2025-10-30,35.31540298461914,27.244050979614258
2025-10-31,35.450225830078125,27.11644744873047
2025-11-03,36.04161071777344,27.43546485900879
2025-11-04,35.9337043762207,27.572185516357422
2025-11-05,36.08658218383789,28.11907196044922
2025-11-06,36.08658218383789,28.264909744262695
2025-11-07,36.1225471496582,29.331335067749023
2025-11-10,36.36534881591797,29.495405197143555
2025-11-11,37.06675720214844,30.261045455932617
2025-11-12,36.22146224975586,29.486286163330078
2025-11-13,36.36534881591797,29.6138973236084
2025-11-14,36.509220123291016,29.8053035736084
2025-11-17,36.23945236206055,29.969371795654297
2025-11-18,36.059600830078125,30.06963348388672
2025-11-19,35.83478546142578,29.914682388305664
2025-11-21,35.94270324707031,29.686811447143555
2025-11-24,35.80781555175781,29.659469604492188
2025-11-25,35.88875198364258,29.422483444213867
2025-11-26,36.73403549194336,29.37691307067871
2025-11-27,36.60813522338867,29.531864166259766
2025-11-28,37.444435119628906,28.975862503051758
2025-12-01,37.15443801879883,29.030550003051758
2025-12-02,37.98208999633789,29.23107147216797
2025-12-03,37.98208999633789,29.4498291015625
2025-12-04,38.917701721191406,29.6412410736084
2025-12-05,37.11845016479492,28.593042373657227
2025-12-08,37.298377990722656,28.85736846923828
2025-12-09,37.217411041259766,29.03966522216797
2025-12-10,37.51032257080078,29.11258316040039
2025-12-11,37.481781005859375,28.629499435424805
2025-12-12,37.814666748046875,28.79356575012207
2025-12-15,38.38530731201172,28.893827438354492
2025-12-16,37.39619445800781,28.018808364868164
2025-12-17,37.06330871582031,28.32871437072754
2025-12-18,37.25352478027344,28.16464614868164
2025-12-19,37.595916748046875,28.264909744262695
2025-12-22,37.672000885009766,28.346942901611328
2025-12-23,38.29020309448242,28.4993839263916
2025-12-26,38.30255889892578,28.59341049194336
2025-12-29,38.18500900268555,28.89429473876953
2025-12-30,38.42991256713867,28.978919982910156
2026-01-02,38.36933135986328,28.875490188598633
2026-01-05,38.92796325683594,28.39595603942871
2026-01-06,39.163169860839844,27.869407653808594
2026-01-07,38.53594207763672,28.048057556152344
2026-01-08,39.1337776184082,28.39595603942871
2026-01-09,39.05537033081055,28.489980697631836
2026-01-12,38.702545166015625,28.546398162841797
2026-01-13,38.3889274597168,29.279802322387695
2026-01-14,38.81034851074219,30.07902717590332
2026-01-15,39.14357376098633,29.890975952148438
2026-01-16,38.82015609741211,30.126041412353516
2026-01-19,38.761348724365234,30.248271942138672
2026-01-20,39.12397003173828,30.361106872558594
2026-01-21,40.839073181152344,31.433008193969727
2026-01-22,42.22096252441406,31.574047088623047
2026-01-23,42.70119094848633,32.946834564208984
2026-01-26,43.269630432128906,33.24771499633789
2026-01-27,44.41629409790039,33.971717834472656
2026-01-28,45.41595458984375,35.10943603515625
2026-01-29,45.2297477722168,35.447933197021484
2026-01-30,44.59270095825195,35.50434494018555
2026-02-02,44.98310470581055,35.015411376953125
2026-02-03,45.23801803588867,35.33510208129883
2026-02-04,43.74773025512695,35.278682708740234
2026-02-05,44.63013458251953,34.78974533081055
2026-02-06,45.83609390258789,34.460655212402344
2026-02-09,47.365596771240234,35.090633392333984
2026-02-10,47.473445892333984,35.118839263916016
2026-02-11,48.404869079589844,35.805233001708984
2026-02-12,47.29697036743164,34.89317321777344
2026-02-13,46.836158752441406,34.686317443847656
2026-02-18,47.05185317993164,34.9683952331543
2026-02-19,47.60090637207031,35.551361083984375
2026-02-20,48.26761245727539,35.70180130004883
2026-02-23,46.52241134643555,36.284767150878906
2026-02-24,47.22833251953125,37.20622634887695
2026-02-25,46.85576629638672,37.20622634887695
2026-02-26,46.73810577392578,37.24383544921875
2026-02-27,45.86550521850586,36.980560302734375
2026-03-02,45.03982162475586,38.67303466796875
2026-03-03,43.52935028076172,38.503787994384766
2026-03-04,44.14727020263672,38.08066940307617
2026-03-05,42.676021575927734,38.25931930541992
2026-03-06,42.10713577270508,39.64150619506836
2026-03-09,42.33272933959961,40.58177185058594
2026-03-10,42.9604606628418,40.365509033203125
2026-03-11,43.04873275756836,42.123802185058594
2026-03-12,41.871734619140625,42.311859130859375
2026-03-13,41.58729934692383,42.00156784057617
2026-03-16,42.17579650878906,43.1204833984375
2026-03-17,41.89134979248047,43.60941696166992
2026-03-18,41.4695930480957,44.192378997802734
2026-03-19,41.76384735107422,43.98552322387695
2026-03-20,41.09026336669922,42.94182586669922
2026-03-23,42.3066520690918,43.28032684326172
2026-03-24,42.069305419921875,44.44625473022461
2026-03-25,42.623111724853516,44.66250991821289
2026-03-26,41.47594451904297,45.15144729614258
2026-03-27,40.99136734008789,46.45841598510742
2026-03-30,41.13970184326172,46.702880859375
2026-03-31,42.99890899658203,45.76261901855469
2026-04-01,43.36316680908203,44.54027557373047
2026-04-02,42.83881378173828,45.273685455322266
2026-04-06,43.02679443359375,46.0164909362793
2026-04-07,42.997108459472656,45.612178802490234
2026-04-08,44.50091552734375,43.825679779052734
2026-04-09,45.262718200683594,45.03861999511719
2026-04-10,45.57931137084961,46.10111618041992
2026-04-13,45.34186553955078,46.80630874633789
2026-04-14,46.03440856933594,45.019813537597656
2026-04-15,46.53897476196289,44.08895492553711
2026-04-16,46.4796142578125,45.67799758911133
2026-04-17,46.301536560058594,43.45897674560547
2026-04-20,45.87611389160156,44.21118927001953
2026-04-22,44.550384521484375,44.82235336303711
2026-04-23,43.709442138671875,45.54999542236328
2026-04-24,43.89741516113281,44.968345642089844
2026-04-27,43.52146530151367,45.168582916259766
2026-04-28,43.63029098510742,45.31161880493164
2026-04-29,42.41339111328125,46.684696197509766
2026-04-30,42.729984283447266,46.79911804199219
2026-05-04,41.966068267822266,47.04703903198242
2026-05-05,42.02545166015625,46.39863967895508
2026-05-06,41.35240936279297,45.07323455810547
2026-05-07,40.3725471496582,44.0720329284668
2026-05-08,40.83773422241211,43.54758834838867
2026-05-11,39.91725540161133,44.27227020263672
2026-05-12,39.46195602416992,43.557125091552734
2026-05-13,39.22441482543945,42.49871063232422
2026-05-14,39.98653793334961,42.90872573852539
2026-05-15,39.293697357177734,43.35688400268555
2026-05-18,39.214515686035156,44.28180694580078
2026-05-19,38.383113861083984,43.94807434082031
2026-05-20,39.26400375366211,42.52731704711914
2026-05-21,39.70939636230469,42.861053466796875
2026-05-22,39.026458740234375,42.41289138793945
2026-05-25,39.907352447509766,41.38308334350586
2026-05-26,39.65001678466797,41.42122268676758
2026-05-27,39.907352447509766,40.83003616333008
2026-05-28,39.59062957763672,40.53444290161133
2026-05-29,39.63021469116211,40.04814529418945
2026-06-01,38.97487258911133,40.40094757080078
2026-06-02,39.17292022705078,40.304935455322266
2026-06-03,38.34114074707031,39.99467468261719
2026-06-05,38.4500617980957,39.6456298828125
2026-06-08,38.143096923828125,39.96559143066406
2026-06-09,38.83624267578125,39.91710662841797
2026-06-10,38.97487258911133,40.382503509521484
2026-06-11,40.10372543334961,40.48915481567383
2026-06-12,40.20273971557617,39.92680740356445
2026-06-15,40.004703521728516,37.87132263183594
2026-06-16,40.0542106628418,37.367149353027344
2026-06-17,40.400787353515625,37.39623260498047
2026-06-18,40.09382247924805,37.66770935058594
2026-06-19,39.83591842651367,37.619232177734375
2026-06-22,40.905006408691406,37.97797393798828
2026-06-23,41.01490783691406,38.13310623168945
2026-06-24,40.93497848510742,37.124755859375
2026-06-25,41.66435623168945,37.27988815307617
2026-06-26,42.203895568847656,36.901756286621094
2026-06-29,42.373748779296875,36.97932052612305
2026-06-30,42.14394760131836,36.64966583251953
2026-07-01,42.4220085144043,36.67875671386719
2026-07-02,42.45199966430664,36.8047981262207
2026-07-03,42.721885681152344,37.08597183227539
2026-07-06,42.541961669921875,36.62057876586914
2026-07-07,42.41201400756836,37.27018737792969
2026-07-08,41.87224197387695,38.44336700439453
2026-07-09,42.57194519042969,38.01675796508789
2026-07-10,44.281219482421875,38.44336700439453
2026-07-13,43.50155258178711,39.422630310058594
2026-07-14,43.611507415771484,39.422630310058594
2026-07-15,43.12171173095703,39.354759216308594
2026-07-16,42.53196334838867,38.676063537597656
2026-07-17,41.94221115112305,39.65532684326172
2026-07-20,42.282066345214844,39.89772033691406
2026-07-21,42.51197052001953,40.39219665527344
2026-07-22,42.88181686401367,41.284202575683594
2026-07-23,42.541961669921875,41.642940521240234
2026-07-24,42.0821533203125,40.92546081542969
2026-07-27,42.67190170288086,39.76197814941406
2026-07-28,42.84183120727539,39.95589065551758
2026-07-29,41.80227279663086,40.72185134887695
2026-07-30,42.721885681152344,41.53628921508789
2026-07-31,42.87181854248047,42.098636627197266
2026-08-03,43.16999816894531,41.739898681640625
2026-08-04,42.099998474121094,41.206634521484375
2026-08-05,42.380001068115234,40.65398025512695
2026-08-06,41.83000183105469,40.847896575927734
2026-08-07,40.75,39.62623977661133
2026-08-10,40.41999816894531,40.94485092163086
2026-08-11,39.0,40.39219665527344
2026-08-12,38.43000030517578,40.18859100341797
2026-08-13,38.310001373291016,40.62489700317383
2026-08-14,39.0,40.809112548828125
2026-08-17,38.380001068115234,41.17755126953125
2026-08-18,38.189998626708984,41.303592681884766
2026-08-19,38.369998931884766,41.798072814941406
2026-08-20,37.5099983215332,42.971248626708984
2026-08-21,38.599998474121094,42.95185852050781
2026-08-24,38.72999954223633,42.11000061035156
2026-08-25,39.439998626708984,41.349998474121094
2026-08-26,39.45000076293945,41.45000076293945
2026-08-27,39.099998474121094,42.70000076293945
2026-08-28,39.189998626708984,43.54999923706055
